HS01,2,@GV,0,1,73,0,0
HS01_BOOL,1,@GV,2,1,73,1,0
HS02,2,@GV,8,1,73,0,0
HS02_BOOL,1,@GV,10,1,73,1,0
HSTRIP,2,@GV,16,1,73,0,0
HSTRIP_BOOL,1,@GV,18,1,73,1,0
RESETTRIP,2,@GV,24,1,73,0,0
RESETTRIP_BOOL,1,@GV,26,1,73,1,0
ZSHV1,2,@GV,32,1,73,0,0
ZSHV1_BOOL,1,@GV,34,1,73,1,0
ZSLV1,2,@GV,40,1,73,0,0
ZSLV1_BOOL,1,@GV,42,1,73,1,0
ZSHV2,2,@GV,48,1,73,0,0
ZSHV2_BOOL,1,@GV,50,1,73,1,0
ZSLV2,2,@GV,56,1,73,0,0
ZSLV2_BOOL,1,@GV,58,1,73,1,0
VAL1_RB,2,@GV,64,1,73,0,0
VAL1_RB_BOOL,1,@GV,66,1,73,1,0
VAL2_RB,2,@GV,72,1,73,0,0
VAL2_RB_BOOL,1,@GV,74,1,73,1,0
FALHAV1_RB,2,@GV,80,1,73,0,0
FALHAV1_RB_BOOL,1,@GV,82,1,73,1,0
FALHAV2_RB,2,@GV,88,1,73,0,0
FALHAV2_RB_BOOL,1,@GV,90,1,73,1,0
TRIP_RB,2,@GV,96,1,73,0,0
TRIP_RB_BOOL,1,@GV,98,1,73,1,0
VAL1,2,@GV,64,1,81,0,0
VAL1_BOOL,1,@GV,66,1,81,1,0
VAL2,2,@GV,72,1,81,0,0
VAL2_BOOL,1,@GV,74,1,81,1,0
FALHAV1,2,@GV,80,1,81,0,0
FALHAV1_BOOL,1,@GV,82,1,81,1,0
FALHAV2,2,@GV,88,1,81,0,0
FALHAV2_BOOL,1,@GV,90,1,81,1,0
TRIP,2,@GV,96,1,81,0,0
TRIP_BOOL,1,@GV,98,1,81,1,0
ADO_BOOL,1,@GV,98,1,81,1,0
