<ProjectInformation NodeType="1"><Resource NodeType="2" Name="FCX01"><IOConfiguration NodeType="4" Name="IO_CONFIGURATION"><Varconf NodeType="0"><MemoryGroup NodeType="11" Name="NonRetain" Task="" StartAddress="800000" Length="3074" IsRetain="0" UserArea="0"/><MemoryGroup NodeType="11" Name="u_NonRetain" Task="" StartAddress="0" Length="800000" IsRetain="0" UserArea="-1"/><MemoryGroup NodeType="11" Name="u_Retain" Task="" StartAddress="9000000" Length="50000" IsRetain="-1" UserArea="-1"/></Varconf><Input NodeType="0"><IOGroup NodeType="5" Name="IN1" IsOutputGroup="0" BufferedAccess="-1" Task="Task0" StartAddress="0" Length="512" MemoryAddress="0" IsRetain="0" UsesDriver="-1" RefreshByTask="-1"><IODriver NodeType="6" Name="SDIODRVR" DataType="0" Parameter1="0" Parameter2="511" Parameter3="0" Parameter4="0"/></IOGroup></Input><Output NodeType="0"><IOGroup NodeType="5" Name="OUT1" IsOutputGroup="-1" BufferedAccess="-1" Task="Task0" StartAddress="0" Length="512" MemoryAddress="0" IsRetain="0" UsesDriver="-1" RefreshByTask="-1"><IODriver NodeType="6" Name="SDIODRVR" DataType="0" Parameter1="0" Parameter2="511" Parameter3="0" Parameter4="0"/></IOGroup></Output></IOConfiguration><Tasks NodeType="0"><Task NodeType="3" Name="Task0" Type="2" Priority="0" Interval="100" WatchdogTime="100" StackType="1" Options="0" ProgramOfTask="PG0"/></Tasks><CRCs NodeType="13" Name="CRC's Root" RetainCRC="0" ProjectCRC="3058252878" OpcCRC="2655303955" PddCRC="3722281759" FwLibExternalModulesCRC="0"/></Resource></ProjectInformation>
