Data Instance Name,Data Type,Owner Type,Variable Type,Selector, Logical Address,Bit Position,Data Size,Array Index Start,Array Index End,Array Data Type,Array Size,Attribute
@GV.AUX,BOOL,FCX01,M,0x00,0xC3500,0,1,0,0,,0,1
@GV.FT01,DTag_I_Anlg,FCX01,I,0x00,0x80,255,32,0,0,,0,1
@GV.GSD_DataMem,UDINT,FCX01,M,0x01,0x1410,255,4,0,0,,0,1
@GV.GSD_Err_Amount,UINT,FCX01,M,0x01,0x3E,255,2,0,0,,0,1
@GV.GSD_Err_No,SD_FErrTab,FCX01,M,0x01,0x40,255,248,0,61,DWORD,4,1
@GV.GSD_Err_TabSize,UINT,FCX01,M,0x01,0x3C,255,2,0,0,,0,1
@GV.GSD_PlcDebug_BpSet,BOOL,FCX01,M,0x01,0x1,4,1,0,0,,0,1
@GV.GSD_PlcDebug_Force,BOOL,FCX01,M,0x01,0x2,0,1,0,0,,0,1
@GV.GSD_PlcDebug_PowerFlow,BOOL,FCX01,M,0x01,0x2,3,1,0,0,,0,1
@GV.GSD_PrgMem,UDINT,FCX01,M,0x01,0x140C,255,4,0,0,,0,1
@GV.GSD_RAS_Old,SD_FRAS_Info,FCX01,M,0x01,0x1900,255,200,0,0,,0,1
@GV.GSD_RAS_Previous,SD_FRAS_Info,FCX01,M,0x01,0x1838,255,200,0,0,,0,1
@GV.GSD_SysTickCnt,UDINT,FCX01,M,0x01,0x34,255,4,0,0,,0,1
@GV.GSD_Task_1,SD_FExtended_Task_Info,FCX01,M,0x01,0x3EC,255,42,0,0,,0,1
@GV.GSD_Task_10,SD_FExtended_Task_Info,FCX01,M,0x01,0x62C,255,42,0,0,,0,1
@GV.GSD_Task_11,SD_FExtended_Task_Info,FCX01,M,0x01,0x66C,255,42,0,0,,0,1
@GV.GSD_Task_12,SD_FExtended_Task_Info,FCX01,M,0x01,0x6AC,255,42,0,0,,0,1
@GV.GSD_Task_13,SD_FExtended_Task_Info,FCX01,M,0x01,0x6EC,255,42,0,0,,0,1
@GV.GSD_Task_14,SD_FExtended_Task_Info,FCX01,M,0x01,0x72C,255,42,0,0,,0,1
@GV.GSD_Task_15,SD_FExtended_Task_Info,FCX01,M,0x01,0x76C,255,42,0,0,,0,1
@GV.GSD_Task_16,SD_FExtended_Task_Info,FCX01,M,0x01,0x7AC,255,42,0,0,,0,1
@GV.GSD_Task_2,SD_FExtended_Task_Info,FCX01,M,0x01,0x42C,255,42,0,0,,0,1
@GV.GSD_Task_3,SD_FExtended_Task_Info,FCX01,M,0x01,0x46C,255,42,0,0,,0,1
@GV.GSD_Task_4,SD_FExtended_Task_Info,FCX01,M,0x01,0x4AC,255,42,0,0,,0,1
@GV.GSD_Task_5,SD_FExtended_Task_Info,FCX01,M,0x01,0x4EC,255,42,0,0,,0,1
@GV.GSD_Task_6,SD_FExtended_Task_Info,FCX01,M,0x01,0x52C,255,42,0,0,,0,1
@GV.GSD_Task_7,SD_FExtended_Task_Info,FCX01,M,0x01,0x56C,255,42,0,0,,0,1
@GV.GSD_Task_8,SD_FExtended_Task_Info,FCX01,M,0x01,0x5AC,255,42,0,0,,0,1
@GV.GSD_Task_9,SD_FExtended_Task_Info,FCX01,M,0x01,0x5EC,255,42,0,0,,0,1
@GV.GSD_Task_Available,INT,FCX01,M,0x01,0x3E8,255,2,0,0,,0,1
@GV.GSD_Task_Defined,INT,FCX01,M,0x01,0x3EA,255,2,0,0,,0,1
@GV.GSD_TicksPerSec,UINT,FCX01,M,0x01,0x2C,255,2,0,0,,0,1
@GV.GS_NFIO_DISCONNF,BOOL,FCX01,M,0x03,0xFA0,0,1,0,0,,0,1
@GV.GS_PASPOU_WUP_COUNTER_INIT,INT,FCX01,M,0x03,0xFAC,255,2,0,0,,0,1
@GV.GS_RAS_ACFAIL,BOOL,FCX01,M,0x01,0x1785,0,1,0,0,,0,1
@GV.GS_RAS_APC,BOOL,FCX01,M,0x01,0x1773,5,1,0,0,,0,1
@GV.GS_RAS_BootDate,UDINT,FCX01,M,0x01,0x13F4,255,4,0,0,,0,1
@GV.GS_RAS_BootName,SD_FPrjName,FCX01,M,0x01,0x13D8,255,12,0,11,BYTE,1,1
@GV.GS_RAS_CPUBATT_DETECTION,BOOL,FCX01,M,0x01,0x1825,7,1,0,0,,0,1
@GV.GS_RAS_CPUBATT_FAIL_L,BOOL,FCX01,M,0x01,0x1825,1,1,0,0,,0,1
@GV.GS_RAS_CPUBATT_FAIL_R,BOOL,FCX01,M,0x01,0x1825,0,1,0,0,,0,1
@GV.GS_RAS_CPUMASK_LEFT,BOOL,FCX01,M,0x01,0x1773,6,1,0,0,,0,1
@GV.GS_RAS_CTRL0,BOOL,FCX01,M,0x01,0x1772,2,1,0,0,,0,1
@GV.GS_RAS_CTRL1,BOOL,FCX01,M,0x01,0x1772,3,1,0,0,,0,1
@GV.GS_RAS_CpuCapacity,UINT,FCX01,M,0x01,0x1416,255,2,0,0,,0,1
@GV.GS_RAS_Current,SD_FRAS_Info,FCX01,M,0x01,0x1770,255,200,0,0,,0,1
@GV.GS_RAS_Fw_Version,SD_FVerStr,FCX01,M,0x01,0x13AC,255,32,0,31,BYTE,1,1
@GV.GS_RAS_IOStat,SD_FIO_StatInfo,FCX01,M,0x01,0x2328,255,976,0,0,,0,1
@GV.GS_RAS_PCPTIMEOUT,BOOL,FCX01,M,0x01,0x1784,6,1,0,0,,0,1
@GV.GS_RAS_PLC_Version,SD_FVerStr,FCX01,M,0x01,0x138C,255,32,0,31,BYTE,1,1
@GV.GS_RAS_PSU1_ACRDYL,BOOL,FCX01,M,0x01,0x1772,7,1,0,0,,0,1
@GV.GS_RAS_PSU1_ACRDYR,BOOL,FCX01,M,0x01,0x1772,6,1,0,0,,0,1
@GV.GS_RAS_PSU1_DCRDYL,BOOL,FCX01,M,0x01,0x1772,5,1,0,0,,0,1
@GV.GS_RAS_PSU1_DCRDYR,BOOL,FCX01,M,0x01,0x1772,4,1,0,0,,0,1
@GV.GS_RAS_PSU1_ERDYL,BOOL,FCX01,M,0x01,0x1773,1,1,0,0,,0,1
@GV.GS_RAS_PSU1_ERDYR,BOOL,FCX01,M,0x01,0x1773,0,1,0,0,,0,1
@GV.GS_RAS_PSU2_ACRDYL,BOOL,FCX01,M,0x01,0x26E9,7,1,0,0,,0,1
@GV.GS_RAS_PSU2_ACRDYR,BOOL,FCX01,M,0x01,0x26E9,3,1,0,0,,0,1
@GV.GS_RAS_PSU2_DCRDYL,BOOL,FCX01,M,0x01,0x26E9,6,1,0,0,,0,1
@GV.GS_RAS_PSU2_DCRDYR,BOOL,FCX01,M,0x01,0x26E9,2,1,0,0,,0,1
@GV.GS_RAS_PSU2_ERDYL,BOOL,FCX01,M,0x01,0x26E9,5,1,0,0,,0,1
@GV.GS_RAS_PSU2_ERDYR,BOOL,FCX01,M,0x01,0x26E9,1,1,0,0,,0,1
@GV.GS_RAS_PSU3_ACRDYL,BOOL,FCX01,M,0x01,0x26EB,7,1,0,0,,0,1
@GV.GS_RAS_PSU3_ACRDYR,BOOL,FCX01,M,0x01,0x26EB,3,1,0,0,,0,1
@GV.GS_RAS_PSU3_DCRDYL,BOOL,FCX01,M,0x01,0x26EB,6,1,0,0,,0,1
@GV.GS_RAS_PSU3_DCRDYR,BOOL,FCX01,M,0x01,0x26EB,2,1,0,0,,0,1
@GV.GS_RAS_PSU3_ERDYL,BOOL,FCX01,M,0x01,0x26EB,5,1,0,0,,0,1
@GV.GS_RAS_PSU3_ERDYR,BOOL,FCX01,M,0x01,0x26EB,1,1,0,0,,0,1
@GV.GS_RAS_PlcMode_Halt,BOOL,FCX01,M,0x01,0x0,3,1,0,0,,0,1
@GV.GS_RAS_PlcMode_On,BOOL,FCX01,M,0x01,0xBB8,0,1,0,0,,0,1
@GV.GS_RAS_PlcMode_Run,BOOL,FCX01,M,0x01,0x0,1,1,0,0,,0,1
@GV.GS_RAS_PlcMode_Stop,BOOL,FCX01,M,0x01,0x0,2,1,0,0,,0,1
@GV.GS_RAS_PrjDate,UDINT,FCX01,M,0x01,0x13F0,255,4,0,0,,0,1
@GV.GS_RAS_PrjName,SD_FPrjName,FCX01,M,0x01,0x13CC,255,12,0,11,BYTE,1,1
@GV.GS_RAS_RDY0,BOOL,FCX01,M,0x01,0x1772,0,1,0,0,,0,1
@GV.GS_RAS_RDY1,BOOL,FCX01,M,0x01,0x1772,1,1,0,0,,0,1
@GV.GS_RAS_REDCY,BOOL,FCX01,M,0x01,0x1773,4,1,0,0,,0,1
@GV.GS_RAS_RESET,BOOL,FCX01,M,0x01,0x1784,4,1,0,0,,0,1
@GV.GS_RAS_RetDataSize,UDINT,FCX01,M,0x01,0x1408,255,4,0,0,,0,1
@GV.GS_RAS_SERR,BOOL,FCX01,M,0x01,0x1784,2,1,0,0,,0,1
@GV.GS_RAS_SHUTDOWN,BOOL,FCX01,M,0x01,0x1785,1,1,0,0,,0,1
@GV.GS_RAS_SMPERR,BOOL,FCX01,M,0x01,0x1784,5,1,0,0,,0,1
@GV.GS_RAS_SOFTDOWN,BOOL,FCX01,M,0x01,0x1785,2,1,0,0,,0,1
@GV.GS_RAS_SRAM,BOOL,FCX01,M,0x01,0x1784,3,1,0,0,,0,1
@GV.GS_RAS_TEST_SRAM,BOOL,FCX01,M,0x01,0x1786,0,1,0,0,,0,1
@GV.GS_RAS_WDTIMEUP,BOOL,FCX01,M,0x01,0x1784,1,1,0,0,,0,1
@GV.GS_RAS_WDTRESTART,BOOL,FCX01,M,0x01,0x1784,0,1,0,0,,0,1
@GV.GS_RAS_ZipDate,UDINT,FCX01,M,0x01,0x13F8,255,4,0,0,,0,1
@GV.GS_RAS_ZipName,SD_FPrjName,FCX01,M,0x01,0x13E4,255,12,0,11,BYTE,1,1
@GV.GS_RETAIN_RST_PG,INT,FCX01,M,0x03,0xFAA,255,2,0,0,,0,1
@GV.GS_RETAIN_RST_SW,BOOL,FCX01,M,0x03,0xFA7,0,1,0,0,,0,1
@GV.GS_RETAIN_SV_PG,INT,FCX01,M,0x03,0xFA8,255,2,0,0,,0,1
@GV.GS_RETAIN_SV_SW,BOOL,FCX01,M,0x03,0xFA6,0,1,0,0,,0,1
@GV.HS01,DTag_I_Sts,FCX01,I,0x00,0x0,255,8,0,0,,0,1
@GV.HS01_BOOL,BOOL,FCX01,I,0x00,0x2,0,1,0,0,,0,1
@GV.HS02,DTag_I_Sts,FCX01,I,0x00,0x8,255,8,0,0,,0,1
@GV.HS02_BOOL,BOOL,FCX01,I,0x00,0xA,0,1,0,0,,0,1
@GV.HS03,DTag_I_Sts,FCX01,I,0x00,0x10,255,8,0,0,,0,1
@GV.HS03_BOOL,BOOL,FCX01,I,0x00,0x12,0,1,0,0,,0,1
@GV.HS04,DTag_I_Sts,FCX01,I,0x00,0x18,255,8,0,0,,0,1
@GV.HS04_BOOL,BOOL,FCX01,I,0x00,0x1A,0,1,0,0,,0,1
@GV.HS05,DTag_I_Sts,FCX01,I,0x00,0x20,255,8,0,0,,0,1
@GV.HS05_BOOL,BOOL,FCX01,I,0x00,0x22,0,1,0,0,,0,1
@GV.HS06,DTag_I_Sts,FCX01,I,0x00,0x28,255,8,0,0,,0,1
@GV.HS06_BOOL,BOOL,FCX01,I,0x00,0x2A,0,1,0,0,,0,1
@GV.LSHH01,DTag_I_Sts,FCX01,I,0x00,0x30,255,8,0,0,,0,1
@GV.LSHH01_BOOL,BOOL,FCX01,I,0x00,0x32,0,1,0,0,,0,1
@GV.LT01,DTag_I_Anlg,FCX01,I,0x00,0x60,255,32,0,0,,0,1
@GV.TEMP01,BOOL,FCX01,M,0x00,0xC3501,0,1,0,0,,0,1
@GV.XY01,DTag_O_Sts,FCX01,Q,0x00,0x38,255,8,0,0,,0,1
@GV.XY01_BOOL,BOOL,FCX01,Q,0x00,0x3A,0,1,0,0,,0,1
@GV.XY01_RB,DTag_O_Sts,FCX01,I,0x00,0x38,255,8,0,0,,0,1
@GV.XY01_RB_BOOL,BOOL,FCX01,I,0x00,0x3A,0,1,0,0,,0,1
@GV.XY02,DTag_O_Sts,FCX01,Q,0x00,0x40,255,8,0,0,,0,1
@GV.XY02_BOOL,BOOL,FCX01,Q,0x00,0x42,0,1,0,0,,0,1
@GV.XY02_RB,DTag_O_Sts,FCX01,I,0x00,0x40,255,8,0,0,,0,1
@GV.XY02_RB_BOOL,BOOL,FCX01,I,0x00,0x42,0,1,0,0,,0,1
Main.FSL01,BOOL,Main,M,0x00,0xC4300,0,1,0,0,,0,1
Main.FT01_VAL,REAL,Main,M,0x00,0xC4306,255,4,0,0,,0,1
Main.LSH01,BOOL,Main,M,0x00,0xC42FE,0,1,0,0,,0,1
Main.LSL01,BOOL,Main,M,0x00,0xC42FF,0,1,0,0,,0,1
Main.LT01_VAL,REAL,Main,M,0x00,0xC4302,255,4,0,0,,0,1
Main.TEMP02,BOOL,Main,M,0x00,0xC433E,0,1,0,0,,0,1
