@GV.AUX,%MX 800000.0,BOOL,FCX01,0x000C3500 1 M,1,1,0,0,0,0,0,0
@GV.TEMP01,%MX 800001.0,BOOL,FCX01,0x000C3501 1 M,1,1,0,0,0,0,0,0
@GV.GS_NFIO_DISCONNF,%SFX 4000.0,BOOL,FCX01,0x03000FA0 1 M,1,1,0,0,0,0,0,0
@GV.GS_RETAIN_SV_SW,%SFX 4006.0,BOOL,FCX01,0x03000FA6 1 M,1,1,0,0,0,0,0,0
@GV.GS_RETAIN_RST_SW,%SFX 4007.0,BOOL,FCX01,0x03000FA7 1 M,1,1,0,0,0,0,0,0
@GV.GS_RETAIN_SV_PG,%SFW 4008,INT,FCX01,0x03000FA8 0 M,2,3,0,0,0,0,0,0
@GV.GS_RETAIN_RST_PG,%SFW 4010,INT,FCX01,0x03000FAA 0 M,2,3,0,0,0,0,0,0
@GV.GS_PASPOU_WUP_COUNTER_INIT,%SFW 4012,INT,FCX01,0x03000FAC 0 M,2,3,0,0,0,0,0,0
@GV.GS_RAS_PlcMode_On,%SRX 3000.0,BOOL,FCX01,0x01000BB8 1 M,1,1,0,0,0,0,0,0
@GV.GS_RAS_PlcMode_Run,%SRX 0.1,BOOL,FCX01,0x01000000 2 M,1,1,0,0,0,0,0,0
@GV.GS_RAS_PlcMode_Stop,%SRX 0.2,BOOL,FCX01,0x01000000 3 M,1,1,0,0,0,0,0,0
@GV.GS_RAS_PlcMode_Halt,%SRX 0.3,BOOL,FCX01,0x01000000 4 M,1,1,0,0,0,0,0,0
@GV.GSD_PlcDebug_BpSet,%SRX 1.4,BOOL,FCX01,0x01000001 5 M,1,1,0,0,0,0,0,0
@GV.GSD_PlcDebug_Force,%SRX 2.0,BOOL,FCX01,0x01000002 1 M,1,1,0,0,0,0,0,0
@GV.GSD_PlcDebug_PowerFlow,%SRX 2.3,BOOL,FCX01,0x01000002 4 M,1,1,0,0,0,0,0,0
@GV.GSD_TicksPerSec,%SRW 44,UINT,FCX01,0x0100002C 0 M,2,7,0,0,0,0,0,0
@GV.GSD_SysTickCnt,%SRD 52,UDINT,FCX01,0x01000034 0 M,4,8,0,0,0,0,0,0
@GV.GSD_Err_TabSize,%SRW 60,UINT,FCX01,0x0100003C 0 M,2,7,0,0,0,0,0,0
@GV.GSD_Err_Amount,%SRW 62,UINT,FCX01,0x0100003E 0 M,2,7,0,0,0,0,0,0
@GV.GSD_Err_No,%SRB 64,SD_FErrTab,FCX01,0x01000040 0 M,248,1051,1,0,61,DWORD,4,19
@GV.GSD_Task_Available,%SRW 1000,INT,FCX01,0x010003E8 0 M,2,3,0,0,0,0,0,0
@GV.GSD_Task_Defined,%SRW 1002,INT,FCX01,0x010003EA 0 M,2,3,0,0,0,0,0,0
@GV.GSD_Task_1,%SRB 1004,SD_FExtended_Task_Info,FCX01,0x010003EC 0 M,42,1053,0,0,0,0,0,0
@GV.GSD_Task_2,%SRB 1068,SD_FExtended_Task_Info,FCX01,0x0100042C 0 M,42,1053,0,0,0,0,0,0
@GV.GSD_Task_3,%SRB 1132,SD_FExtended_Task_Info,FCX01,0x0100046C 0 M,42,1053,0,0,0,0,0,0
@GV.GSD_Task_4,%SRB 1196,SD_FExtended_Task_Info,FCX01,0x010004AC 0 M,42,1053,0,0,0,0,0,0
@GV.GSD_Task_5,%SRB 1260,SD_FExtended_Task_Info,FCX01,0x010004EC 0 M,42,1053,0,0,0,0,0,0
@GV.GSD_Task_6,%SRB 1324,SD_FExtended_Task_Info,FCX01,0x0100052C 0 M,42,1053,0,0,0,0,0,0
@GV.GSD_Task_7,%SRB 1388,SD_FExtended_Task_Info,FCX01,0x0100056C 0 M,42,1053,0,0,0,0,0,0
@GV.GSD_Task_8,%SRB 1452,SD_FExtended_Task_Info,FCX01,0x010005AC 0 M,42,1053,0,0,0,0,0,0
@GV.GSD_Task_9,%SRB 1516,SD_FExtended_Task_Info,FCX01,0x010005EC 0 M,42,1053,0,0,0,0,0,0
@GV.GSD_Task_10,%SRB 1580,SD_FExtended_Task_Info,FCX01,0x0100062C 0 M,42,1053,0,0,0,0,0,0
@GV.GSD_Task_11,%SRB 1644,SD_FExtended_Task_Info,FCX01,0x0100066C 0 M,42,1053,0,0,0,0,0,0
@GV.GSD_Task_12,%SRB 1708,SD_FExtended_Task_Info,FCX01,0x010006AC 0 M,42,1053,0,0,0,0,0,0
@GV.GSD_Task_13,%SRB 1772,SD_FExtended_Task_Info,FCX01,0x010006EC 0 M,42,1053,0,0,0,0,0,0
@GV.GSD_Task_14,%SRB 1836,SD_FExtended_Task_Info,FCX01,0x0100072C 0 M,42,1053,0,0,0,0,0,0
@GV.GSD_Task_15,%SRB 1900,SD_FExtended_Task_Info,FCX01,0x0100076C 0 M,42,1053,0,0,0,0,0,0
@GV.GSD_Task_16,%SRB 1964,SD_FExtended_Task_Info,FCX01,0x010007AC 0 M,42,1053,0,0,0,0,0,0
@GV.GS_RAS_PLC_Version,%SRB 5004,SD_FVerStr,FCX01,0x0100138C 0 M,32,1054,1,0,31,BYTE,1,17
@GV.GS_RAS_Fw_Version,%SRB 5036,SD_FVerStr,FCX01,0x010013AC 0 M,32,1054,1,0,31,BYTE,1,17
@GV.GS_RAS_PrjName,%SRB 5068,SD_FPrjName,FCX01,0x010013CC 0 M,12,1055,1,0,11,BYTE,1,17
@GV.GS_RAS_BootName,%SRB 5080,SD_FPrjName,FCX01,0x010013D8 0 M,12,1055,1,0,11,BYTE,1,17
@GV.GS_RAS_ZipName,%SRB 5092,SD_FPrjName,FCX01,0x010013E4 0 M,12,1055,1,0,11,BYTE,1,17
@GV.GS_RAS_PrjDate,%SRD 5104,UDINT,FCX01,0x010013F0 0 M,4,8,0,0,0,0,0,0
@GV.GS_RAS_BootDate,%SRD 5108,UDINT,FCX01,0x010013F4 0 M,4,8,0,0,0,0,0,0
@GV.GS_RAS_ZipDate,%SRD 5112,UDINT,FCX01,0x010013F8 0 M,4,8,0,0,0,0,0,0
@GV.GS_RAS_RetDataSize,%SRD 5128,UDINT,FCX01,0x01001408 0 M,4,8,0,0,0,0,0,0
@GV.GSD_PrgMem,%SRD 5132,UDINT,FCX01,0x0100140C 0 M,4,8,0,0,0,0,0,0
@GV.GSD_DataMem,%SRD 5136,UDINT,FCX01,0x01001410 0 M,4,8,0,0,0,0,0,0
@GV.GS_RAS_CpuCapacity,%SRW 5142,UINT,FCX01,0x01001416 0 M,2,7,0,0,0,0,0,0
@GV.GS_RAS_RDY0,%SRX 6002.0,BOOL,FCX01,0x01001772 1 M,1,1,0,0,0,0,0,0
@GV.GS_RAS_RDY1,%SRX 6002.1,BOOL,FCX01,0x01001772 2 M,1,1,0,0,0,0,0,0
@GV.GS_RAS_CTRL0,%SRX 6002.2,BOOL,FCX01,0x01001772 3 M,1,1,0,0,0,0,0,0
@GV.GS_RAS_CTRL1,%SRX 6002.3,BOOL,FCX01,0x01001772 4 M,1,1,0,0,0,0,0,0
@GV.GS_RAS_REDCY,%SRX 6003.4,BOOL,FCX01,0x01001773 5 M,1,1,0,0,0,0,0,0
@GV.GS_RAS_APC,%SRX 6003.5,BOOL,FCX01,0x01001773 6 M,1,1,0,0,0,0,0,0
@GV.GS_RAS_CPUMASK_LEFT,%SRX 6003.6,BOOL,FCX01,0x01001773 7 M,1,1,0,0,0,0,0,0
@GV.GS_RAS_TEST_SRAM,%SRX 6022.0,BOOL,FCX01,0x01001786 1 M,1,1,0,0,0,0,0,0
@GV.GS_RAS_SOFTDOWN,%SRX 6021.2,BOOL,FCX01,0x01001785 3 M,1,1,0,0,0,0,0,0
@GV.GS_RAS_SHUTDOWN,%SRX 6021.1,BOOL,FCX01,0x01001785 2 M,1,1,0,0,0,0,0,0
@GV.GS_RAS_ACFAIL,%SRX 6021.0,BOOL,FCX01,0x01001785 1 M,1,1,0,0,0,0,0,0
@GV.GS_RAS_PCPTIMEOUT,%SRX 6020.6,BOOL,FCX01,0x01001784 7 M,1,1,0,0,0,0,0,0
@GV.GS_RAS_SMPERR,%SRX 6020.5,BOOL,FCX01,0x01001784 6 M,1,1,0,0,0,0,0,0
@GV.GS_RAS_RESET,%SRX 6020.4,BOOL,FCX01,0x01001784 5 M,1,1,0,0,0,0,0,0
@GV.GS_RAS_SRAM,%SRX 6020.3,BOOL,FCX01,0x01001784 4 M,1,1,0,0,0,0,0,0
@GV.GS_RAS_SERR,%SRX 6020.2,BOOL,FCX01,0x01001784 3 M,1,1,0,0,0,0,0,0
@GV.GS_RAS_WDTIMEUP,%SRX 6020.1,BOOL,FCX01,0x01001784 2 M,1,1,0,0,0,0,0,0
@GV.GS_RAS_WDTRESTART,%SRX 6020.0,BOOL,FCX01,0x01001784 1 M,1,1,0,0,0,0,0,0
@GV.GS_RAS_PSU1_DCRDYR,%SRX 6002.4,BOOL,FCX01,0x01001772 5 M,1,1,0,0,0,0,0,0
@GV.GS_RAS_PSU1_DCRDYL,%SRX 6002.5,BOOL,FCX01,0x01001772 6 M,1,1,0,0,0,0,0,0
@GV.GS_RAS_PSU1_ACRDYR,%SRX 6002.6,BOOL,FCX01,0x01001772 7 M,1,1,0,0,0,0,0,0
@GV.GS_RAS_PSU1_ACRDYL,%SRX 6002.7,BOOL,FCX01,0x01001772 8 M,1,1,0,0,0,0,0,0
@GV.GS_RAS_PSU1_ERDYR,%SRX 6003.0,BOOL,FCX01,0x01001773 1 M,1,1,0,0,0,0,0,0
@GV.GS_RAS_PSU1_ERDYL,%SRX 6003.1,BOOL,FCX01,0x01001773 2 M,1,1,0,0,0,0,0,0
@GV.GS_RAS_PSU2_ACRDYL,%SRX 9961.7,BOOL,FCX01,0x010026E9 8 M,1,1,0,0,0,0,0,0
@GV.GS_RAS_PSU2_DCRDYL,%SRX 9961.6,BOOL,FCX01,0x010026E9 7 M,1,1,0,0,0,0,0,0
@GV.GS_RAS_PSU2_ERDYL,%SRX 9961.5,BOOL,FCX01,0x010026E9 6 M,1,1,0,0,0,0,0,0
@GV.GS_RAS_PSU2_ACRDYR,%SRX 9961.3,BOOL,FCX01,0x010026E9 4 M,1,1,0,0,0,0,0,0
@GV.GS_RAS_PSU2_DCRDYR,%SRX 9961.2,BOOL,FCX01,0x010026E9 3 M,1,1,0,0,0,0,0,0
@GV.GS_RAS_PSU2_ERDYR,%SRX 9961.1,BOOL,FCX01,0x010026E9 2 M,1,1,0,0,0,0,0,0
@GV.GS_RAS_PSU3_ACRDYL,%SRX 9963.7,BOOL,FCX01,0x010026EB 8 M,1,1,0,0,0,0,0,0
@GV.GS_RAS_PSU3_DCRDYL,%SRX 9963.6,BOOL,FCX01,0x010026EB 7 M,1,1,0,0,0,0,0,0
@GV.GS_RAS_PSU3_ERDYL,%SRX 9963.5,BOOL,FCX01,0x010026EB 6 M,1,1,0,0,0,0,0,0
@GV.GS_RAS_PSU3_ACRDYR,%SRX 9963.3,BOOL,FCX01,0x010026EB 4 M,1,1,0,0,0,0,0,0
@GV.GS_RAS_PSU3_DCRDYR,%SRX 9963.2,BOOL,FCX01,0x010026EB 3 M,1,1,0,0,0,0,0,0
@GV.GS_RAS_PSU3_ERDYR,%SRX 9963.1,BOOL,FCX01,0x010026EB 2 M,1,1,0,0,0,0,0,0
@GV.GS_RAS_CPUBATT_FAIL_L,%SRX 6181.1,BOOL,FCX01,0x01001825 2 M,1,1,0,0,0,0,0,0
@GV.GS_RAS_CPUBATT_FAIL_R,%SRX 6181.0,BOOL,FCX01,0x01001825 1 M,1,1,0,0,0,0,0,0
@GV.GS_RAS_CPUBATT_DETECTION,%SRX 6181.7,BOOL,FCX01,0x01001825 8 M,1,1,0,0,0,0,0,0
@GV.GS_RAS_Current,%SRB 6000,SD_FRAS_Info,FCX01,0x01001770 0 M,200,1062,0,0,0,0,0,0
@GV.GSD_RAS_Previous,%SRB 6200,SD_FRAS_Info,FCX01,0x01001838 0 M,200,1062,0,0,0,0,0,0
@GV.GSD_RAS_Old,%SRB 6400,SD_FRAS_Info,FCX01,0x01001900 0 M,200,1062,0,0,0,0,0,0
@GV.GS_RAS_IOStat,%SRB 9000,SD_FIO_StatInfo,FCX01,0x01002328 0 M,976,1066,0,0,0,0,0,0
@GV.LT01,%IB 96,DTag_I_Anlg,FCX01,0x00000060 0 I,32,1025,0,0,0,0,0,0
@GV.FT01,%IB 128,DTag_I_Anlg,FCX01,0x00000080 0 I,32,1025,0,0,0,0,0,0
@GV.HS01,%IB 0,DTag_I_Sts,FCX01,0x00000000 0 I,8,1030,0,0,0,0,0,0
@GV.HS01_BOOL,%IX 2.0,BOOL,FCX01,0x00000002 1 I,1,1,0,0,0,0,0,0
@GV.HS02,%IB 8,DTag_I_Sts,FCX01,0x00000008 0 I,8,1030,0,0,0,0,0,0
@GV.HS02_BOOL,%IX 10.0,BOOL,FCX01,0x0000000A 1 I,1,1,0,0,0,0,0,0
@GV.HS03,%IB 16,DTag_I_Sts,FCX01,0x00000010 0 I,8,1030,0,0,0,0,0,0
@GV.HS03_BOOL,%IX 18.0,BOOL,FCX01,0x00000012 1 I,1,1,0,0,0,0,0,0
@GV.HS04,%IB 24,DTag_I_Sts,FCX01,0x00000018 0 I,8,1030,0,0,0,0,0,0
@GV.HS04_BOOL,%IX 26.0,BOOL,FCX01,0x0000001A 1 I,1,1,0,0,0,0,0,0
@GV.HS05,%IB 32,DTag_I_Sts,FCX01,0x00000020 0 I,8,1030,0,0,0,0,0,0
@GV.HS05_BOOL,%IX 34.0,BOOL,FCX01,0x00000022 1 I,1,1,0,0,0,0,0,0
@GV.HS06,%IB 40,DTag_I_Sts,FCX01,0x00000028 0 I,8,1030,0,0,0,0,0,0
@GV.HS06_BOOL,%IX 42.0,BOOL,FCX01,0x0000002A 1 I,1,1,0,0,0,0,0,0
@GV.LSHH01,%IB 48,DTag_I_Sts,FCX01,0x00000030 0 I,8,1030,0,0,0,0,0,0
@GV.LSHH01_BOOL,%IX 50.0,BOOL,FCX01,0x00000032 1 I,1,1,0,0,0,0,0,0
@GV.XY01_RB,%IB 56,DTag_O_Sts,FCX01,0x00000038 0 I,8,1032,0,0,0,0,0,0
@GV.XY01_RB_BOOL,%IX 58.0,BOOL,FCX01,0x0000003A 1 I,1,1,0,0,0,0,0,0
@GV.XY02_RB,%IB 64,DTag_O_Sts,FCX01,0x00000040 0 I,8,1032,0,0,0,0,0,0
@GV.XY02_RB_BOOL,%IX 66.0,BOOL,FCX01,0x00000042 1 I,1,1,0,0,0,0,0,0
@GV.XY01,%QB 56,DTag_O_Sts,FCX01,0x00000038 0 Q,8,1032,0,0,0,0,0,0
@GV.XY01_BOOL,%QX 58.0,BOOL,FCX01,0x0000003A 1 Q,1,1,0,0,0,0,0,0
@GV.XY02,%QB 64,DTag_O_Sts,FCX01,0x00000040 0 Q,8,1032,0,0,0,0,0,0
@GV.XY02_BOOL,%QX 66.0,BOOL,FCX01,0x00000042 1 Q,1,1,0,0,0,0,0,0
Main.LSH01,%MX 803582.0,BOOL,Main,0x000C42FE 1 M,1,1,0,0,0,0,0,0
Main.LSL01,%MX 803583.0,BOOL,Main,0x000C42FF 1 M,1,1,0,0,0,0,0,0
Main.FSL01,%MX 803584.0,BOOL,Main,0x000C4300 1 M,1,1,0,0,0,0,0,0
Main.LT01_VAL,%MR 803586.0,REAL,Main,0x000C4302 0 M,4,10,0,0,0,0,0,0
Main.FT01_VAL,%MR 803590.0,REAL,Main,0x000C4306 0 M,4,10,0,0,0,0,0,0
Main.TEMP02,%MX 803646.0,BOOL,Main,0x000C433E 1 M,1,1,0,0,0,0,0,0
